<?xml version="1.0" encoding="ISO-8859-1" ?>
<!DOCTYPE tiles-definitions PUBLIC
       "-//Apache Software Foundation//DTD Tiles Configuration 3.0//EN"
       "http://tiles.apache.org/dtds/tiles-config_3_0.dtd">
<tiles-definitions>
	<definition name="pagetile" template="/resources/pages/mainpage.jsp">
		<put-attribute name="title" value="title" />
		<put-attribute name="header" value="header" />

	</definition>
	<definition name="home" extends="pagetile">
		<put-attribute name="title" value="Home" />
		<put-attribute name="body" value="/WEB-INF/views/home.jsp"></put-attribute>
	</definition>
	<definition name="visualrecognition" extends="pagetile">
		<put-attribute name="title" value="Home" />
		<put-attribute name="body" value="/WEB-INF/views/VisualRecognition.jsp"></put-attribute>
	</definition>
	<definition name="toneanalyzer" extends="pagetile">
		<put-attribute name="title" value="Home" />
		<put-attribute name="body" value="/WEB-INF/views/ToneAnalyzer.jsp"></put-attribute>
	</definition>
	
		<definition name="conversation" extends="pagetile">
		<put-attribute name="title" value="Home" />
		<put-attribute name="body" value="/WEB-INF/views/Chat.jsp"></put-attribute>
	</definition>
	
		<definition name="condiscovery" extends="pagetile">
		<put-attribute name="title" value="Home" />
		<put-attribute name="body" value="/WEB-INF/views/ChatDiscovery.jsp"></put-attribute>
	</definition>

	<definition name="discovery" extends="pagetile">
		<put-attribute name="title" value="Home" />
		<put-attribute name="body" value="/WEB-INF/views/Discovery.jsp"></put-attribute>
	</definition>

<definition name="speechtotext" extends="pagetile">
		<put-attribute name="title" value="Home" />
		<put-attribute name="body" value="/WEB-INF/views/SpeechToText.jsp"></put-attribute>
	</definition>
	
	<definition name="texttospeech" extends="pagetile">
		<put-attribute name="title" value="Home" />
		<put-attribute name="body" value="/WEB-INF/views/TextToSpeech.jsp"></put-attribute>
	</definition>

	<definition name="languagetranslator" extends="pagetile">
		<put-attribute name="title" value="Home" />
		<put-attribute name="body" value="/WEB-INF/views/LanguageTranslator.jsp"></put-attribute>
	</definition>
	
	<definition name="nlc" extends="pagetile">
		<put-attribute name="title" value="Home" />
		<put-attribute name="body" value="/WEB-INF/views/NLC.jsp"></put-attribute>
	</definition>
	
	<definition name="nlu" extends="pagetile">
		<put-attribute name="title" value="Home" />
		<!-- <put-attribute name="body" value="/WEB-INF/views/NaturalLanguageUnderstanding.jsp"></put-attribute> -->
		<put-attribute name="body" value="/WEB-INF/views/NLUChanged.jsp"></put-attribute>
	</definition>	

	<definition name="pi" extends="pagetile">
		<put-attribute name="title" value="Home" />
		<put-attribute name="body" value="/WEB-INF/views/PersonalityInsights.jsp"></put-attribute>
	</definition>
	
	<definition name="docConvert" extends="pagetile">
		<put-attribute name="title" value="Home" />
		<put-attribute name="body" value="/WEB-INF/views/documentConversion.jsp"></put-attribute>
	</definition>
	
</tiles-definitions>